city,total_sales,total_orders
Andhra Pradesh,4829292.899999999,185
Bangalore,4711250.759999998,184
Chennai,4200134.179999998,163
Mumbai,5252578.76,197
