order_status,total_orders,total_sales
created,240,6056372.1999999955
delivered,244,6585995.799999999
shipped,245,6350888.599999999
